feature,psi,status
PAY_RATIO,2.0503182969217173,ALERT
UTIL_MAX,0.5506400679010959,ALERT
UTIL_LATEST,0.374637802874909,ALERT
UTIL_MEAN,0.24511679600262162,WATCH
PREDICTED_PD (score),0.2034217898641324,WATCH
PAY_AMT1,0.16982946813314262,WATCH
PAY_AMT2,0.16332508928197376,WATCH
MAX_DELAY,0.13886372360661392,WATCH
N_LATE_MONTHS,0.12858480444061696,WATCH
PAY_AMT_MEAN,0.12582885338970878,WATCH
PAY_AMT4,0.12318142906471777,WATCH
PAY_AMT6,0.11798448901594709,WATCH
PAY_AMT5,0.11522572179189944,WATCH
PAY_AMT3,0.08805813712051491,stable
PAY_1,0.06891219208163239,stable
BILL_AMT1,0.0598998538314518,stable
BILL_AMT2,0.05145588365218397,stable
N_REVOLVING_MONTHS,0.04798261637747735,stable
BILL_AMT3,0.04596076898104842,stable
BILL_AMT6,0.04508199888717904,stable
BILL_TREND,0.0384172986055124,stable
BILL_AMT5,0.03673518459489937,stable
BILL_AMT4,0.03649700838712005,stable
PAY_2,0.020580154636436684,stable
PAY_6,0.020292951476457297,stable
PAY_5,0.017411439668317968,stable
PAY_4,0.015967763907323945,stable
PAY_3,0.01563488029115473,stable
AGE,0.004895693478168305,stable
DELAY_TREND,0.0031538094073837626,stable
LIMIT_BAL,0.001741315497036003,stable
