attribute,group,n,actual_default_rate,flagged_high_risk_rate,avg_predicted_pd,recall
SEX,1,1796,0.23942093541202672,0.529510022271715,0.23007590985382687,0.8162790697674419
SEX,2,2704,0.20894970414201183,0.4718934911242604,0.21066514193998093,0.7663716814159292
EDUCATION,1,1610,0.19316770186335402,0.422360248447205,0.1913143699297745,0.7556270096463023
EDUCATION,2,2081,0.2340221047573282,0.5290725612686209,0.23288289042043125,0.8090349075975359
EDUCATION,3,748,0.2580213903743315,0.5868983957219251,0.24614619507023508,0.7979274611398963
EDUCATION,4,61,0.06557377049180328,0.11475409836065574,0.09987038424247974,0.25
MARRIAGE,1,2074,0.23963355834136935,0.5019286403085824,0.2215475670858355,0.8008048289738431
MARRIAGE,2,2375,0.2054736842105263,0.4888421052631579,0.21573635323878032,0.7745901639344263
MARRIAGE,3,51,0.19607843137254902,0.49019607843137253,0.2155173495108914,0.8
AGE_BAND,30-39,1612,0.2022332506203474,0.43796526054590573,0.19822765070631826,0.7392638036809815
AGE_BAND,40-49,1009,0.2398414271555996,0.5104063429137761,0.22342317986902444,0.7892561983471075
AGE_BAND,50+,422,0.25118483412322273,0.580568720379147,0.24297852063274808,0.839622641509434
AGE_BAND,<30,1457,0.22031571722717913,0.5223061084420041,0.23015853175685047,0.8193146417445483
